match_id,competition_id,season_id,match_date,split,fold
7525,43,3,2018-06-14,development,0
7529,43,3,2018-06-16,development,4
7530,43,3,2018-06-16,development,0
7531,43,3,2018-06-16,development,1
7532,43,3,2018-06-16,development,2
7533,43,3,2018-06-17,development,3
7534,43,3,2018-06-17,development,4
7535,43,3,2018-06-17,development,0
7536,43,3,2018-06-18,development,1
7537,43,3,2018-06-18,development,2
7538,43,3,2018-06-18,development,3
7539,43,3,2018-06-19,development,4
7540,43,3,2018-06-19,development,0
7541,43,3,2018-06-19,development,1
7542,43,3,2018-06-20,development,2
7543,43,3,2018-06-20,development,3
7544,43,3,2018-06-20,development,4
7545,43,3,2018-06-21,development,0
7546,43,3,2018-06-21,development,1
7547,43,3,2018-06-21,development,2
7548,43,3,2018-06-22,development,3
7549,43,3,2018-06-22,development,4
7550,43,3,2018-06-22,development,0
7551,43,3,2018-06-23,development,1
7552,43,3,2018-06-23,development,2
7553,43,3,2018-06-23,development,3
7554,43,3,2018-06-24,development,4
7555,43,3,2018-06-24,development,0
7556,43,3,2018-06-24,development,1
7557,43,3,2018-06-25,development,2
7558,43,3,2018-06-25,development,3
7559,43,3,2018-06-25,development,4
7560,43,3,2018-06-25,development,0
7561,43,3,2018-06-26,development,1
7562,43,3,2018-06-26,development,2
7563,43,3,2018-06-26,development,3
7564,43,3,2018-06-26,development,4
7565,43,3,2018-06-27,development,0
7566,43,3,2018-06-27,development,1
7567,43,3,2018-06-27,development,2
7568,43,3,2018-06-27,development,3
7569,43,3,2018-06-28,development,4
7570,43,3,2018-06-28,development,0
7571,43,3,2018-06-28,development,1
7572,43,3,2018-06-28,development,2
7576,43,3,2018-06-15,development,1
7577,43,3,2018-06-15,development,2
7578,43,3,2018-06-15,development,3
7579,43,3,2018-06-30,development,3
7580,43,3,2018-06-30,development,4
7581,43,3,2018-07-01,development,0
7582,43,3,2018-07-01,development,1
7583,43,3,2018-07-02,development,2
7584,43,3,2018-07-02,development,3
7585,43,3,2018-07-03,development,4
7586,43,3,2018-07-03,development,0
8649,43,3,2018-07-06,development,1
8650,43,3,2018-07-06,development,2
8651,43,3,2018-07-07,development,3
8652,43,3,2018-07-07,development,4
8655,43,3,2018-07-10,development,0
8656,43,3,2018-07-11,development,1
8657,43,3,2018-07-14,development,2
8658,43,3,2018-07-15,development,3
3788741,55,43,2021-06-11,development,4
3788742,55,43,2021-06-12,development,0
3788743,55,43,2021-06-12,development,1
3788744,55,43,2021-06-12,development,2
3788745,55,43,2021-06-13,development,3
3788746,55,43,2021-06-13,development,4
3788747,55,43,2021-06-13,development,0
3788748,55,43,2021-06-14,development,1
3788749,55,43,2021-06-14,development,2
3788750,55,43,2021-06-14,development,3
3788751,55,43,2021-06-15,development,4
3788752,55,43,2021-06-15,development,0
3788753,55,43,2021-06-16,development,1
3788754,55,43,2021-06-16,development,2
3788755,55,43,2021-06-16,development,3
3788756,55,43,2021-06-17,development,4
3788757,55,43,2021-06-17,development,0
3788758,55,43,2021-06-17,development,1
3788759,55,43,2021-06-18,development,2
3788760,55,43,2021-06-18,development,3
3788761,55,43,2021-06-18,development,4
3788762,55,43,2021-06-19,development,0
3788763,55,43,2021-06-19,development,1
3788764,55,43,2021-06-19,development,2
3788765,55,43,2021-06-20,development,3
3788766,55,43,2021-06-20,development,4
3788767,55,43,2021-06-21,development,0
3788768,55,43,2021-06-21,development,1
3788769,55,43,2021-06-21,development,2
3788770,55,43,2021-06-21,development,3
3788771,55,43,2021-06-22,development,4
3788772,55,43,2021-06-22,development,0
3788773,55,43,2021-06-23,development,1
3788774,55,43,2021-06-23,development,2
3788775,55,43,2021-06-23,development,3
3788776,55,43,2021-06-23,development,4
3794685,55,43,2021-06-26,development,0
3794686,55,43,2021-06-28,development,4
3794687,55,43,2021-06-27,development,2
3794688,55,43,2021-06-29,development,1
3794689,55,43,2021-06-26,development,1
3794690,55,43,2021-06-27,development,3
3794691,55,43,2021-06-28,development,0
3794692,55,43,2021-06-29,development,2
3795107,55,43,2021-07-02,development,3
3795108,55,43,2021-07-02,development,4
3795109,55,43,2021-07-03,development,0
3795187,55,43,2021-07-03,development,1
3795220,55,43,2021-07-06,development,2
3795221,55,43,2021-07-07,development,3
3795506,55,43,2021-07-11,development,4
3857254,43,106,2022-11-22,calibration,
3857255,43,106,2022-12-01,calibration,
3857256,43,106,2022-12-02,calibration,
3857257,43,106,2022-11-30,calibration,
3857258,43,106,2022-11-24,calibration,
3857259,43,106,2022-11-28,calibration,
3857260,43,106,2022-11-30,calibration,
3857261,43,106,2022-11-29,calibration,
3857262,43,106,2022-12-02,calibration,
3857263,43,106,2022-11-27,calibration,
3857264,43,106,2022-11-30,calibration,
3857265,43,106,2022-11-22,calibration,
3857266,43,106,2022-11-26,calibration,
3857267,43,106,2022-11-29,calibration,
3857268,43,106,2022-11-23,calibration,
3857269,43,106,2022-11-28,calibration,
3857270,43,106,2022-11-28,calibration,
3857271,43,106,2022-11-21,calibration,
3857272,43,106,2022-11-25,calibration,
3857273,43,106,2022-11-25,calibration,
3857274,43,106,2022-11-25,calibration,
3857275,43,106,2022-11-30,calibration,
3857276,43,106,2022-12-01,calibration,
3857277,43,106,2022-11-23,calibration,
3857278,43,106,2022-11-29,calibration,
3857279,43,106,2022-11-22,calibration,
3857280,43,106,2022-12-02,calibration,
3857281,43,106,2022-11-27,calibration,
3857282,43,106,2022-11-21,calibration,
3857283,43,106,2022-11-27,calibration,
3857284,43,106,2022-11-23,calibration,
3857285,43,106,2022-11-21,calibration,
3857286,43,106,2022-11-20,calibration,
3857287,43,106,2022-11-24,calibration,
3857288,43,106,2022-11-26,calibration,
3857289,43,106,2022-11-26,calibration,
3857290,43,106,2022-11-24,calibration,
3857291,43,106,2022-11-23,calibration,
3857292,43,106,2022-12-01,calibration,
3857293,43,106,2022-12-02,calibration,
3857294,43,106,2022-11-29,calibration,
3857295,43,106,2022-11-27,calibration,
3857296,43,106,2022-12-01,calibration,
3857297,43,106,2022-11-26,calibration,
3857298,43,106,2022-11-24,calibration,
3857299,43,106,2022-11-28,calibration,
3857300,43,106,2022-11-22,calibration,
3857301,43,106,2022-11-25,calibration,
3869117,43,106,2022-12-03,calibration,
3869118,43,106,2022-12-04,calibration,
3869151,43,106,2022-12-03,calibration,
3869152,43,106,2022-12-04,calibration,
3869219,43,106,2022-12-05,calibration,
3869220,43,106,2022-12-06,calibration,
3869253,43,106,2022-12-05,calibration,
3869254,43,106,2022-12-06,calibration,
3869321,43,106,2022-12-09,calibration,
3869354,43,106,2022-12-10,calibration,
3869420,43,106,2022-12-09,calibration,
3869486,43,106,2022-12-10,calibration,
3869519,43,106,2022-12-13,calibration,
3869552,43,106,2022-12-14,calibration,
3869684,43,106,2022-12-17,calibration,
3869685,43,106,2022-12-18,calibration,
3930158,55,282,2024-06-14,holdout,
3930159,55,282,2024-06-15,holdout,
3930160,55,282,2024-06-15,holdout,
3930161,55,282,2024-06-15,holdout,
3930162,55,282,2024-06-16,holdout,
3930163,55,282,2024-06-16,holdout,
3930164,55,282,2024-06-17,holdout,
3930165,55,282,2024-06-17,holdout,
3930166,55,282,2024-06-18,holdout,
3930167,55,282,2024-06-19,holdout,
3930168,55,282,2024-06-19,holdout,
3930169,55,282,2024-06-19,holdout,
3930170,55,282,2024-06-20,holdout,
3930171,55,282,2024-06-20,holdout,
3930172,55,282,2024-06-20,holdout,
3930173,55,282,2024-06-21,holdout,
3930174,55,282,2024-06-22,holdout,
3930175,55,282,2024-06-22,holdout,
3930176,55,282,2024-06-23,holdout,
3930177,55,282,2024-06-23,holdout,
3930178,55,282,2024-06-24,holdout,
3930179,55,282,2024-06-24,holdout,
3930180,55,282,2024-06-25,holdout,
3930181,55,282,2024-06-25,holdout,
3930182,55,282,2024-06-25,holdout,
3930183,55,282,2024-06-26,holdout,
3930184,55,282,2024-06-26,holdout,
3938637,55,282,2024-06-16,holdout,
3938638,55,282,2024-06-17,holdout,
3938639,55,282,2024-06-18,holdout,
3938640,55,282,2024-06-21,holdout,
3938641,55,282,2024-06-21,holdout,
3938642,55,282,2024-06-22,holdout,
3938643,55,282,2024-06-25,holdout,
3938644,55,282,2024-06-26,holdout,
3938645,55,282,2024-06-26,holdout,
3940878,55,282,2024-06-29,holdout,
3940983,55,282,2024-06-29,holdout,
3941017,55,282,2024-06-30,holdout,
3941018,55,282,2024-06-30,holdout,
3941019,55,282,2024-07-01,holdout,
3941020,55,282,2024-07-01,holdout,
3941021,55,282,2024-07-02,holdout,
3941022,55,282,2024-07-02,holdout,
3942226,55,282,2024-07-05,holdout,
3942227,55,282,2024-07-06,holdout,
3942349,55,282,2024-07-05,holdout,
3942382,55,282,2024-07-06,holdout,
3942752,55,282,2024-07-09,holdout,
3942819,55,282,2024-07-10,holdout,
3943043,55,282,2024-07-14,holdout,
